Meter Label,Acct #,Label,Zone,1,2,3,4,5,6,7,8,9,10,11,12,13,14,15,16,17,18,19,20
Z5-17,4300001,L3,Zone_05,1.18,6.91,2.28,2.47,2.4,2.34,2.32,1.37,2.51,2.15,~,2.32,2.29,2.2,1.38,7.09,2.81,,,
Z3-42 (Villa),4300002,L3,Zone_03_(A),1.74,1.73,1.74,2.89,2.07,2.2,1.77,1.76,2.73,0.34,2.04,1.83,2.47,1.88,0.95,1.42,0.88,,,
Z3-46(5) (Building),4300003,L4,Zone_03_(A),0.84,0.76,0.65,0.96,1.51,1.19,1.18,1.36,0.68,0.52,4.81,2.3,1.42,1.57,1.31,7.97,6.01,,,
Z3-49(3) (Building),4300004,L4,Zone_03_(A),0.05,0.15,0.06,0.13,0.66,0.38,0.24,0.09,0.07,0.07,0.08,0.13,0.09,0.2,0.18,0.08,0.06,,,
Z3-38 (Villa),4300005,L3,Zone_03_(A),0,0,0,0,0,0,0,0,0,0,0,0,0,0,0,5.67,0,,,
Z3-75(4) (Building),4300006,L4,Zone_03_(A),0,0,0,0,0,0,0,0,0,0,0,0,0,0,0,0,0,,,
Z3-46(3A) (Building),4300007,L4,Zone_03_(A),1.29,1.38,1.2,1.06,1.09,0.18,0.07,0.06,0.06,0.04,0.06,0.05,0.03,0.03,0.03,0.03,0.02,,,
Z3-52(6) (Building),4300008,L4,Zone_03_(B),0.19,0.67,0.25,0.29,0.66,0.94,0.3,0.19,0.78,0.16,0.19,0.2,1.04,0.36,0.19,0.74,0.19,,,
Z3-21 (Villa),4300009,L3,Zone_03_(B),1.16,2.75,1.28,1.33,1.28,2.36,1.21,1.51,1.89,1.15,1.24,1.25,2.05,1.55,1.16,5.14,1.08,,,
Z3-049(4) (Building),4300010,L4,Zone_03_(A),0,0.03,0.06,0.02,0.07,0.04,0.03,0.05,0.02,0.23,0.05,0.05,0.04,0.04,0.04,0.03,0.01,,,
Z3-46(1A) (Building),4300011,L4,Zone_03_(A),0.55,0.42,0.54,0.45,0.41,0.42,0.44,0.46,0.35,0.38,0.41,0.55,0.52,0.52,0.53,0.48,0.36,,,
Z3-47(2) (Building),4300012,L4,Zone_03_(A),0,0,0,0,0,0,0,0,0.19,0.14,0.2,0.17,0,0,0,0,0,,,
Z3-45(3A) (Building),4300013,L4,Zone_03_(A),0,0,0,0,0,0.13,0.27,0.13,0.02,0,0,0,0,0,0,0,0,,,
Z3-46(2A) (Building),4300014,L4,Zone_03_(A),0,0,0,0,0,0,0,0,0,0,0,0,0,0,0,0,0,,,
Z3-46(6) (Building),4300015,L4,Zone_03_(A),0,0.14,0.21,0.17,0.02,0,0,0,0.16,0.13,0.03,0,0,0.14,0.17,0.01,0,,,
Z3-47(4) (Building),4300016,L4,Zone_03_(A),0.11,0.16,0.15,0.06,0.1,0,0,0.16,0.15,0.08,0.11,0.63,0.43,0.31,0.3,0.06,0.05,,,
Z3-45(5) (Building),4300017,L4,Zone_03_(A),0,1.75,3.81,0.42,0.43,0.41,0.41,0.4,0.4,0.29,0.41,0.41,0.41,0.4,0.41,0.4,0.35,,,
Z3-47(5) (Building),4300018,L4,Zone_03_(A),0.64,0.37,0.54,0.7,0.52,0.52,0.42,0,0,0,0.01,0,0,0,0,0,0,,,
Z3-45(6) (Building),4300019,L4,Zone_03_(A),0.17,0,0.82,0.33,0.01,0,0,0,0,0.07,0.38,0.11,0.01,0.58,0,0,0.59,,,
Z3-20 (Villa),4300020,L3,Zone_03_(B),0.08,0.08,0.4,0.12,0.73,0.11,0.1,0.08,0.1,0.06,0.1,0.09,0.09,0.09,0.09,0.08,0.08,,,
Z3-50(4) (Building),4300021,L4,Zone_03_(A),0.14,0.22,0.38,0.32,0.03,0,0,0,0,0,0,0,0,0.43,0.1,0.09,0.18,,,
Z3-74(3) (Building),4300022,L4,Zone_03_(A),0.87,0.93,0.69,0.74,0.71,0.98,1.18,1.1,1.29,0.61,0.84,1.07,1.01,1.22,1.25,1.22,0.86,,,
Z8-11,4300023,L3,Zone_08,0,0,0,0,0,0,0,0,0,0,0.11,0,2.49,0.85,3.27,1.94,2.11,,,
Z8-13,4300024,L3,Zone_08,11.2,9.42,10.2,7.15,10.8,8.15,9.92,7.78,7.98,7.45,10.6,7.52,8.31,7.73,8.2,7.22,5.66,,,
Z3-13 (Villa),4300025,L3,Zone_03_(B),0.77,0.63,0.49,0.7,0.32,0.24,0.76,0.7,0.86,0.46,0.59,0.19,0.43,0.78,0.69,0.6,0.48,,,
Z3-45(4A) (Building),4300026,L4,Zone_03_(A),0,0,0,0,0,0,0.01,0.05,0.16,0.01,0.05,0.01,0,0,0,0,0,,,
Z3-50(5) (Building),4300027,L4,Zone_03_(A),0,0.01,0,0.51,0,0,0,0.01,0,0,0.27,0,0.02,0.18,0.11,0.64,0.16,,,
Z3-50(6) (Building),4300028,L4,Zone_03_(A),0.46,0.63,0.43,0.41,0.32,0.29,0.52,0.61,0.39,0.89,0.53,0.49,0.31,0.92,0.55,0.55,0.47,,,
Z3-52(4A) (Building),4300029,L4,Zone_03_(B),0.42,0.12,0.12,0.28,0.09,0.07,0.06,0.29,0.21,0.31,0.34,0.09,0.32,0.11,0.39,0.14,0.31,,,
Z3-44(1A) (Building),4300030,L4,Zone_03_(A),0.33,0.32,0.33,0.23,0.1,0.09,0.27,0.25,0.28,0.25,0.3,0.59,0.39,0.33,0.4,0.29,0.19,,,
Z3-44(1B) (Building),4300031,L4,Zone_03_(A),0,0,0,0,0,0,0,0,0,0,0,0,0,0,0,0,0,,,
Z3-44(2A) (Building),4300032,L4,Zone_03_(A),0.44,0.31,0.29,0.23,0.01,0,0,0.24,0.23,0.12,0.11,0.18,0.09,0.14,0.2,0.22,0.16,,,
Z3-44(2B) (Building),4300033,L4,Zone_03_(A),0,0,0,0,0,0,0,0,0,0,0,0,0,0,0,0,0,,,
Z3-44(5) (Building),4300034,L4,Zone_03_(A),0.16,0.21,0.1,0.63,0.08,0.2,0.18,0.47,0.19,0.18,0.17,0.23,0.1,0.23,1.02,0.13,0.26,,,
Z3-44(6) (Building),4300035,L4,Zone_03_(A),1.24,1.56,1.45,1.06,1.66,1.17,1.29,1.11,1.15,0.58,1.1,1.19,1.99,1.36,1.1,1.26,1,,,
Z3-75(1) (Building),4300036,L4,Zone_03_(A),0.03,0.03,0.02,0.03,0.03,0.03,0.03,0.03,0.02,0.02,0.03,0.03,0.03,0.01,0,0,0,,,
Z3-75(3) (Building),4300037,L4,Zone_03_(A),0,0,0,0,0,0,0,0,0,0,0,0,0,0,0,0,0,,,
Z3-23 (Villa),4300038,L3,Zone_03_(A),0,0,0,0,0,0,0,0,0,0,0,0.01,0,0,0,0,0,,,
Z3-47(3) (Building),4300039,L4,Zone_03_(A),0.7,0.58,0.46,0.82,0.58,0.51,0.85,0.52,0.64,0.51,0.97,0.64,0.39,0.79,0.77,0.63,0.49,,,
Z3-48(3) (Building),4300040,L4,Zone_03_(A),0.15,0.23,0.22,0.3,0.26,0.35,0.28,0.17,0.21,0.1,0.11,0,0.11,0.22,0.19,0.4,0.05,,,
Z3-48(6) (Building),4300041,L4,Zone_03_(A),0,0,0,0,0,0,0,0,0,0,0,0,0,0,0,0,0,,,
Z3-52(3A) (Building),4300042,L4,Zone_03_(B),0.21,0.24,0.3,0.29,0.22,0.28,0.31,0.28,0.23,0.18,0.28,0.37,1.07,0.26,0.23,0.23,0.14,,,
Z3-46(4A) (Building),4300043,L4,Zone_03_(A),0.12,0.1,0.1,0.09,0.08,0.09,0.08,0.08,0.08,0.05,0.08,0.07,0.06,0.07,0.06,0.05,0.05,,,
Z3-41 (Villa),4300044,L3,Zone_03_(A),2.38,4.73,15.8,16.1,0.16,0.07,0.05,0.05,0.05,16,9.57,0.36,0.39,0.4,0.3,1.04,0.16,,,
Z3-74(5) (Building),4300045,L4,Zone_03_(A),0.08,0.08,1.08,0.2,0.37,0.38,0.54,0.65,0.56,0.68,0.64,0.56,0.55,1.48,0.45,0.5,0.56,,,
Z3-74(6) (Building),4300046,L4,Zone_03_(A),0.22,0.22,0.21,0.23,0.21,0.22,0.21,0.21,0.22,0.82,0.26,0.22,0.2,0.21,0.22,0.22,0.2,,,
Z3-50(3) (Building),4300047,L4,Zone_03_(A),0,0,0,0,0,0,0,0,0,0,0,0,0,0,0,0,0,,,
Z3-48(5) (Building),4300048,L4,Zone_03_(A),0.01,0.02,0.01,0.01,0,0,0.01,0,0,0,0,0,0,0,0,0,0,,,
Z3-37 (Villa),4300049,L3,Zone_03_(A),1.33,0.5,0,1.31,2.01,1.72,0.34,0.01,1.6,0.02,0.73,0.11,0.13,0.12,4.17,0,0,,,
Z3-43 (Villa),4300050,L3,Zone_03_(A),2.55,1.99,1.01,1.55,0.92,2.81,1.49,1.08,1.72,0.65,0.68,1.02,2.08,1.18,1.74,1.86,1.11,,,
Z3-47(6) (Building),4300051,L4,Zone_03_(A),0.22,0.24,0.26,0.31,0.41,4.41,0.16,0.21,0.2,0.24,0.27,0.66,0.34,0.3,0.18,0.32,0.22,,,
Z3-31 (Villa),4300052,L3,Zone_03_(A),8.06,7.41,7.05,6.48,5.71,7.63,8.09,7.78,7.02,5.75,7.31,8.12,7.78,7.21,7.62,7.11,5.94,,,
Z3-49(5) (Building),4300053,L4,Zone_03_(A),0.45,0,0.18,0.21,0.32,0,0,0,0,0,0,0,0,0,0,0,0,,,
Z3-62(6) (Building),4300054,L4,Zone_03_(B),0.07,0.08,0.08,0.08,0.09,0.07,0.07,0.08,0.08,0.06,0.09,0.09,0.09,0.09,0.09,0.07,0.06,,,
Z3-75(5) (Building),4300055,L4,Zone_03_(A),0.79,0.38,0.72,0.51,0.68,0.56,1.03,0.58,0.53,0.9,0.77,0.45,0.33,1.27,0.63,0.46,0.67,,,
Z3-52(5) (Building),4300056,L4,Zone_03_(B),0.67,0,0,0.52,0.37,0.03,0,0.46,0,0,0.32,0,0,0,1.01,0,0,,,
Z3-15 (Villa),4300057,L3,Zone_03_(B),1.99,1.28,1.1,1.14,1.82,1.09,1.31,1.54,1.16,1.04,1.21,1.82,1.71,1.52,1.15,1.43,0.96,,,
Z5-13,4300058,L3,Zone_05,3.66,3.62,4.24,3.66,3.71,3.77,4.18,4.61,3.76,2.98,3.8,3.77,3.78,4.43,3.66,3.66,2.65,,,
Z5-14,4300059,L3,Zone_05,0,0,0,0,0,3.34,1.75,1.34,1.31,3.07,1.32,1.33,1.47,2.26,1.47,1.34,2.17,,,
Z3-14 (Villa),4300060,L3,Zone_03_(B),0.53,0.22,0.82,0.2,0.24,0.33,0.44,0.54,0.2,0.94,0.22,0.27,0.25,1,1.08,0.2,1.04,,,
Z3-49(6) (Building),4300061,L4,Zone_03_(A),1.75,0.92,0.9,1.02,1.03,1.07,1.04,1.04,0.83,0.81,0.9,0.78,0.77,0.83,0.65,0.64,0.67,,,
Z3-62(1) (Building),4300062,L4,Zone_03_(B),0.24,0.22,0.22,0.22,0.22,0.21,0.23,0.23,0.23,0.15,0.25,0.25,0.22,0.24,0.25,0.23,0.24,,,
Z3-75(6) (Building),4300063,L4,Zone_03_(A),0.89,0.87,0.87,0.88,1.6,1.59,1.84,0.93,0.92,0.66,0.94,1.18,1.35,0.94,0.91,0.9,0.72,,,
Z3-53(4B) (Building),4300064,L4,Zone_03_(B),0,0,0,0,0,0,0,0,0,0,0,0,0,0,0,0,0,,,
Z3-60(1B) (Building),4300065,L4,Zone_03_(B),0.25,0.32,0.45,0.85,0.58,0.33,0.26,0.5,0.22,0.1,0.53,0.59,0.31,0.33,0.21,0.39,0.35,,,
Z3-59(4B) (Building),4300066,L4,Zone_03_(B),0,0,0,0,0,0,0,0,0,0,0,0,0,0,0,0,0,,,
Z3-60(3B) (Building),4300067,L4,Zone_03_(B),0,0,0,0,0,0,0,0,0,0,0,0,0,0,0,0,0,,,
Z3-60(4B) (Building),4300068,L4,Zone_03_(B),0.18,0.05,0.24,0.21,0.11,0.02,0.25,0.02,0.3,0.02,0.31,0.15,0.28,0.3,0.1,0.18,0.28,,,
Z3-52(2A) (Building),4300069,L4,Zone_03_(B),0,0,0,0,0,0,0,0,0,0,0,0,0.2,0,0,0,0,,,
Z3-58(1B) (Building),4300070,L4,Zone_03_(B),0.04,0.08,0.05,0.09,0.15,0.05,0.07,0,0,0,0,0,0,0,0,0,0,,,
Z3-55(1B) (Building),4300071,L4,Zone_03_(B),0.08,0.08,0.14,0.05,0.06,0,0.1,0.12,0.04,0.03,0.09,0.09,0.2,0.08,0.07,0.12,0.08,,,
Z3-60(2B) (Building),4300072,L4,Zone_03_(B),0,0,0,0,0,0,0,0,0,0,0.22,0.15,0.15,0.08,0.22,0.42,0.15,,,
Z3-59(3A) (Building),4300073,L4,Zone_03_(B),0,0,0,0,0,0,0,0,0,0,0,0,0,0,0,0,0,,,
Z3-53(6) (Building),4300074,L4,Zone_03_(B),4.61,4.83,0.88,0.98,0.35,0.5,2.04,1.39,0.5,0.47,0.99,0.18,0.29,0.56,0.94,0.34,0.32,,,
Z3-35 (Villa),4300075,L3,Zone_03_(A),2.4,2.81,1.98,2.04,1.61,2.18,1.79,2.41,3.7,1.62,1.77,1.63,3.59,2.07,2.6,3,1.84,,,
Z3-12 (Villa),4300076,L3,Zone_03_(B),4.4,2.91,7.67,2.94,2.94,12.4,4.9,7.19,35.5,21.1,4.94,4.94,4.99,2.94,0,0,0,,,
Z3-11 (Villa),4300077,L3,Zone_03_(B),0,0,0,0,0,0,0,0,0,0,0,0,0,0,0,0,0,,,
Z3-4 (Villa),4300078,L3,Zone_03_(B),3.03,2.38,2.74,2.34,2.63,1.99,2.76,3.02,2.71,1.9,2.28,2.3,1.46,2.32,2.34,2.98,1.07,,,
Z3-40 (Villa),4300079,L3,Zone_03_(A),0.12,0.82,0.15,0.13,0.12,0.12,0.11,0.7,0.23,0.12,0.2,0.21,0.19,0.18,0.19,0.18,0.1,,,
Z3-17 (Villa),4300080,L3,Zone_03_(B),0.31,0.32,0.02,0.03,0.36,0.07,0.55,0.4,0.32,0.8,0.44,0.56,0.43,0.57,0.34,0.37,0.59,,,
Z3-30 (Villa),4300081,L3,Zone_03_(A),0,0,0,0,0,0,0,0,0,0,0,0,0,0,0,0,0,,,
Z3-33 (Villa),4300082,L3,Zone_03_(A),1.08,1.49,1.1,1.25,1.13,1.35,1.1,1.26,1.33,1.22,1.52,2.06,2.49,1.66,1.84,1.89,1.24,,,
Z3-18 (Villa),4300083,L3,Zone_03_(B),2.38,2.47,2.96,2.72,2.43,2.1,2.56,2.07,0.67,2.62,2.24,1.86,1.91,2.36,1.87,1.62,1.91,,,
Z3-36 (Villa),4300084,L3,Zone_03_(A),2.42,3.31,4.38,2.89,2.91,4.69,3.07,2.95,4.57,2.09,4.41,3.63,3.27,4.61,2.82,3.5,1.83,,,
Z3-32 (Villa),4300085,L3,Zone_03_(A),1.49,2.05,1.56,2.21,0.62,1.66,1.05,1.08,2.12,0.91,1.53,1.07,2.84,0.91,1.11,1.77,0.73,,,
Z3-39 (Villa),4300086,L3,Zone_03_(A),1.03,1.46,1.05,0.84,0.84,1.52,1.02,1.11,1.64,1.1,1.2,1.22,1.65,1.23,0.85,1.48,0.8,,,
Z3-34 (Villa),4300087,L3,Zone_03_(A),0.7,0,1.63,0.77,0,0.72,0,0.71,0.49,2.16,0.86,0,0.94,0.56,0.68,0.74,0.6,,,
Z3-3 (Villa),4300088,L3,Zone_03_(B),3.67,4.38,3.64,0.82,3.74,4.03,3.66,3.69,4.13,3.27,3.72,3.68,4.29,3.74,3.77,4.1,3.34,,,
Z3-27 (Villa),4300089,L3,Zone_03_(A),0.87,0.88,0.96,0.96,0.79,1.06,0.91,1.38,0.83,1.25,1.36,0.96,1.13,1.04,0.89,1,0.82,,,
Z3-7 (Villa),4300090,L3,Zone_03_(B),0.89,0.84,2.58,0.68,0.99,0.88,0.42,0.48,0.97,0.4,0.53,0.8,0.71,0.61,1.34,0.82,1.13,,,
Z3-24 (Villa),4300091,L3,Zone_03_(A),1.69,2.41,1.59,1.72,1.73,2.49,1.64,1.73,2.26,1.59,1.74,1.73,2.73,1.71,1.64,2.35,1.62,,,
Z3-10 (Villa),4300092,L3,Zone_03_(B),3.15,1.17,2.08,1.82,1.24,2.4,1.24,2.96,1.19,1.64,2.27,1.18,1.48,5.58,2.43,1.02,2.02,,,
Z3-25 (Villa),4300093,L3,Zone_03_(A),0,0,0,0,0,0,0,0,0,0,0,0.7,23.3,10.1,0.02,0,0.11,,,
Z3-1 (Villa),4300094,L3,Zone_03_(B),0.66,1.22,2.46,1.49,0.04,1.56,1.37,1.62,1.51,1.18,0.76,0.06,0.78,2.53,1.73,2.64,1.75,,,
Z3-26 (Villa),4300095,L3,Zone_03_(A),0,0,0,0,0,0,0,0,0,0,0,0,0.17,0.03,0.02,0,0,,,
Z3-9 (Villa),4300096,L3,Zone_03_(B),1.78,2.04,2.48,1.66,1.59,2,1.64,1.21,1.47,1.66,1.17,1.24,1.15,1.5,1.02,1.25,1.61,,,
Z3-29 (Villa),4300097,L3,Zone_03_(A),,,,,,,,,,,,,,,,,,,,
Z3-2 (Villa),4300098,L3,Zone_03_(B),0.43,0.89,0.44,0.42,0.47,1.43,0.72,0.49,1.22,0.07,0.44,0.44,1.15,0.44,0.48,0.93,0.08,,,
Z3-19 (Villa),4300099,L3,Zone_03_(B),0,0,0.45,0,0,0,0.61,0,0,0.62,0.3,18.2,22.4,22.9,9.43,1.34,0.63,,,
Z3-6 (Villa),4300100,L3,Zone_03_(B),1.06,1.03,1.06,1.05,1.06,1.05,1.05,1.04,1.01,0.96,1.04,1.04,1,1.06,1.05,1.05,1.04,,,
Z3-28 (Villa),4300101,L3,Zone_03_(A),1.36,1.37,1.37,1.41,1.29,1.49,1.41,1.3,1.35,1.21,1.26,1.26,1.2,1.33,1.33,1.3,1.27,,,
Z3-22 (Villa),4300102,L3,Zone_03_(B),1.64,1.33,1.77,1.48,1.8,3.5,2.06,2.63,1.31,0.91,2.94,2.78,3.09,2.69,2.03,1.99,1.71,,,
Z3-16 (Villa),4300103,L3,Zone_03_(B),11.9,9.62,4.25,1.15,1.24,1,1.12,1.1,1.08,0.68,0.98,1.04,1.29,1.18,0.96,0.98,1.5,,,
Z3-5 (Villa),4300104,L3,Zone_03_(B),2.97,3.55,2.99,2.98,2.93,3.22,2.95,2.93,3.57,2.14,3.1,3.25,3.55,3.14,3.16,3.88,2.72,,,
Z3-8 (Villa),4300105,L3,Zone_03_(B),1.57,1.6,2.14,1.57,1.55,1.56,1.87,1.52,1.56,1.87,1.58,1.58,1.54,1.92,1.55,1.53,1.87,,,
Z3-74(1) (Building),4300106,L4,Zone_03_(A),0,0,0.01,0,0,0,0,0,0,0,0,0,0.01,0,0,0,0,,,
Z3-49(1) (Building),4300107,L4,Zone_03_(A),0.08,0,0,0.05,0,0,0,0.05,0,0,0.07,0,0,0,0.17,0.08,0.09,,,
Z3-49(2) (Building),4300108,L4,Zone_03_(A),0.47,0.21,0.7,0.48,0.21,0.47,0.2,0.55,0.75,0.7,0.27,0.49,0.18,0.06,0,0,0,,,
Z3-50(1) (Building),4300109,L4,Zone_03_(A),0,0,0,0,0,0,0,0,0,0,0,0.72,0.95,1.15,1.29,0.91,1.35,,,
Z3-45(1A) (Building),4300110,L4,Zone_03_(A),0,0,0,0,0,0,0,0,0,0,0,0,0,0,0,0,0,,,
Z3-51(1) (Building),4300111,L4,Zone_03_(A),1.07,0.77,0.6,0.46,1.04,0.49,0.49,0.73,1.08,0.17,0.94,0.45,0.41,0.07,0,0,2.95,,,
Z3-51(2) (Building),4300112,L4,Zone_03_(A),0.93,1.28,1.05,1.17,1.18,0.94,1.16,1.09,1.31,0.83,1.07,1.46,0.97,1.01,0.79,0.08,0.06,,,
Z3-45(2A) (Building),4300113,L4,Zone_03_(A),0,0.02,0,0.01,0,0,0,0,0.14,0,0,0,0,0,0,0.03,0.01,,,
Z3-050(2) (Building),4300114,L4,Zone_03_(A),0,0,0,0,0,0,0,0,0,0,0,0,0,0,0,0.26,0.13,,,
Z3-47(1) (Building),4300115,L4,Zone_03_(A),0.17,0.14,0.13,0.14,0.13,0.13,3.32,2.67,0,0.58,0,0,0,2,0,0,0,,,
Z3-52(1A) (Building),4300116,L4,Zone_03_(B),0.09,0.08,0.08,0.1,0.12,0.09,0.08,0.07,0.07,0.05,0.07,0.06,0.06,0.07,0.05,0.06,0.04,,,
Z3-48(1) (Building),4300117,L4,Zone_03_(A),0.32,0.27,0.29,0.45,0.29,0.27,0.25,0.25,0.25,0.19,0.28,0.33,0.35,0.37,0.35,0.32,0.19,,,
Z3-74(2) (Building),4300118,L4,Zone_03_(A),0,0,0,0,0,0,0,0,0,0.02,0.01,0.01,0,0,0,0,0,,,
Z3-62(2) (Building),4300119,L4,Zone_03_(B),0.9,0.88,0.24,0.9,0.89,1.41,0.89,0.9,0.88,0.01,0.9,0.89,1.69,0.84,0.9,0.89,0,,,
Z3-58(5) (Building),4300120,L4,Zone_03_(B),0.63,1.64,0.66,0.57,0.64,0.88,0.84,0.79,0.87,0.54,0.73,0.39,1.01,1.32,0.63,1,0.56,,,
Z3-51(3) (Building),4300121,L4,Zone_03_(A),0,0,0,0,0,0,0,0,0,0,0,0,0,0,0,0,0.02,,,
Z3-75(2) (Building),4300122,L4,Zone_03_(A),0.32,0.49,0.25,0.37,2.78,0.14,0.19,0.17,0.12,0.47,0.3,0.06,0.03,0.11,0.25,0.2,0.28,,,
Z3-48(2) (Building),4300123,L4,Zone_03_(A),0,0,0.03,0,0,0,0,0,0,0,0,0,0,0,0,0,0.07,,,
Z3-62(3) (Building),4300124,L4,Zone_03_(B),0.01,0.02,0.01,0.01,0.01,0.01,0.02,0.01,0.01,0.01,0.01,0.01,0.01,0.02,0.01,0.01,0.02,,,
Z3-74(4) (Building),4300125,L4,Zone_03_(A),0.3,0.37,0.37,0.39,0.38,0.3,0.4,0.43,0.39,0.35,0.48,0.34,0.32,0.47,0.38,0.28,0.38,,,
D 52-Building Common Meter,4300126,L4,Zone_03_(B),0.07,0.01,0.02,0.03,0.01,0.02,0,0,0.02,0.01,0,0,0.03,0.02,0.01,0.41,0.01,,,
Z3-51(4) (Building),4300127,L4,Zone_03_(A),0.52,0.4,0.38,0.53,0.43,0.56,0.46,0.43,0.38,0.21,0.43,0.5,0.48,0.42,0.38,0.55,0.35,,,
Z3-051(5) (Building),4300128,L4,Zone_03_(A),0.32,0.81,0.34,0.41,0.42,0.34,0.59,0.35,0.35,0.24,0.33,0.38,0.35,0.78,0.46,0.44,0.81,,,
Z3-62(4) (Building),4300129,L4,Zone_03_(B),0,0,0,0,0,0,0,0,0,0,0,0,0,0,0,0,0,,,
Z3-58(3B) (Building),4300130,L4,Zone_03_(B),0.09,0.01,0.45,0.16,0.4,0.54,0.26,0.02,0.02,0.2,0.19,0,0.07,0.19,0.42,0.21,0.07,,,
Z3-48(4) (Building),4300131,L4,Zone_03_(A),0.15,0.14,0.25,0.22,0.18,0.35,0.16,0.22,0.33,0.16,0.31,0.28,0.17,0.22,0.1,0.12,0.05,,,
Z3-058(4B) (Building),4300132,L4,Zone_03_(B),0,0,0,0,0,0,0,0,0,0,0,0,0,0,0,0,0,,,
Z3-62(5) (Building),4300133,L4,Zone_03_(B),0,0,0,0,0,0,0,0,0,0,0,0,0,0,0,0,0,,,
Z3-51(6) (Building),4300134,L4,Zone_03_(A),0.01,0,0.34,0,1.01,1.29,0.7,0.01,0.01,0.26,0,0,0,0.33,0.01,0,0.18,,,
D 45-Building Common Meter,4300135,L4,Zone_03_(A),0.07,5.46,5.33,0.11,0.01,0.01,0,0,0.02,0,0.02,0.01,0.02,0.13,0.03,0.03,0.02,,,
D 50-Building Common Meter,4300136,L4,Zone_03_(A),0.03,0.05,0.1,0.01,0.02,0.02,0.01,0.03,0.02,0.1,0.01,0.02,0.03,0.04,0.05,0.39,0.18,,,
D 51-Building Common Meter,4300137,L4,Zone_03_(A),0.01,0.02,0.08,0,0,0.01,0,0.04,0,0.11,0,0,0.02,0.06,0.04,0.15,0,,,
D 46-Building Common Meter,4300138,L4,Zone_03_(A),0.03,0,0.08,0.16,0.01,0.04,0.06,0.06,0.08,0.04,0.33,0.02,0.06,0.09,0.08,0,0.01,,,
D 74-Building Common Meter,4300139,L4,Zone_03_(A),0.06,0.1,0,0.01,0,0.07,0.02,0.01,0.1,0,0,0.03,0.02,0,0.03,0.13,0.01,,,
D 49-Building Common Meter,4300140,L4,Zone_03_(A),0,0,0.13,0,0,0,0,0.01,0,0.09,0.03,0,0,0.02,0.01,0,0.85,,,
D 48-Building Common Meter,4300141,L4,Zone_03_(A),0,0,0.05,0.11,0,0,0,0.1,0,0.01,0.07,0,0,0.01,0,0,0.06,,,
D 62-Building Common Meter,4300142,L4,Zone_03_(B),0,0,0,0,0,0,0,0,0,0,0,0,0,0,0,0,0,,,
D 47-Building Common Meter,4300143,L4,Zone_03_(A),0.07,0.01,0.01,0.08,0,0.01,0,0.04,0.02,0.02,0.11,0.02,0.13,0.15,0,0.01,0.07,,,
D 44-Building Common Meter,4300144,L4,Zone_03_(A),0.04,0.08,0.01,0,0.03,0.03,0,0.01,0.09,0.01,0.02,0.02,0.02,0.01,0.11,0.02,0,,,
D 75-Building Common Meter,4300145,L4,Zone_03_(A),0.12,0.74,0.09,0.06,0.05,0.04,0.1,0.03,0.1,0.05,0.01,0,0.07,0.02,0.13,0.08,0.07,,,
Z5-5,4300146,L3,Zone_05,3.44,1.39,1.7,1.04,7.21,1.25,1.76,1.62,1.72,1.07,2.46,1.38,1.35,2.64,1.58,1.56,2.16,,,
Z5-30,4300147,L3,Zone_05,5.04,5.33,5.43,5.31,5.17,5.17,6.1,5.27,5.32,4.17,5.03,4.98,1.64,0.07,0,0,0,,,
Z5-2,4300148,L3,Zone_05,0,0,0,0,0,0,0,0,0,0,0,0,0,0,0.08,0.01,0,,,
Z5-10,4300149,L3,Zone_05,0,0,0,0.01,0.01,0,0,0.32,0.22,8.9,9.6,0,0.6,0.1,1.57,0,0,,,
Z5-4,4300150,L3,Zone_05,0,0,1.05,4.64,1.9,1.8,0.83,0,0,1.08,3.71,2.31,1.85,1.94,0.08,0.07,0.84,,,
Z5-6,4300151,L3,Zone_05,0,0.03,0,0,0,0.04,0,0,0,0,0,0,0,0,0,0,0,,,
Z5 020,4300152,L3,Zone_05,12,11.8,4.14,5.2,3.74,3.87,5.82,5.51,0.57,2.49,4.81,3.72,4.04,6.06,5.25,2.37,3.61,,,
Z5-23,4300153,L3,Zone_05,0.23,0,0,0,0,0,0,0.03,0.01,0.04,2.55,0,0.04,0.04,0,0,0,,,
Z5-15,4300154,L3,Zone_05,0.27,1.01,0.76,0.85,0.48,0.04,1.02,0.23,0.72,0.62,0.69,1,0.36,0.56,0.3,0.88,0.22,,,
Z5-9,4300155,L3,Zone_05,1.76,1.66,1.69,1.87,1.63,1.46,5.81,6.9,2.15,5.05,7.3,1.65,1.64,0.78,0,0,0,,,
Z5-26,4300156,L3,Zone_05,0.84,0.65,1.35,0.67,0.86,0.62,1.58,0.85,0.63,1.89,0.68,0.84,0.73,1.35,0.76,0.67,1.19,,,
Z5-25,4300157,L3,Zone_05,1.88,0.76,0.76,1.62,0.76,0.76,0.76,2,0.76,0.76,0.76,0.76,0.76,0,0,0,0,,,
Z5-31,4300158,L3,Zone_05,0,0,0,0,0,0,0,0,11.3,6.13,0,0,0,1.14,4.87,0.22,0,,,
Z5-33,4300159,L3,Zone_05,23.6,24.7,25.6,25.5,26.7,24.2,25.4,26.4,24.1,17.8,9.29,4.56,4.48,4.27,4.28,4.38,3.29,,,
Z5-29,4300160,L3,Zone_05,2.52,0,0,1.89,0,0,0,1.84,0,0,0,0,0,0,0,0.26,0.61,,,
Z5-28,4300161,L3,Zone_05,0.04,0.01,0.21,0,0,0.07,0,0.38,0.1,0.05,0.18,0,0.69,0.4,1.13,0.98,0.02,,,
Z5-32,4300162,L3,Zone_05,0.55,0.56,1.7,0.37,0.37,0.37,2.09,0.44,0.38,3.05,0.38,0.38,0.38,3.6,0.55,0.56,1.69,,,
Z5-22,4300163,L3,Zone_05,0,4.52,6.64,6.67,6.52,6.46,6.52,6.47,6.52,6.19,6.56,6.52,6.52,3.95,0,0,0,,,
Z5-7,4300164,L3,Zone_05,0,0,0,0,0,0,0,0,0,0,0,0,0,0,0,0,0,,,
Z5-27,4300165,L3,Zone_05,1.39,0,0.17,0.26,0.25,0.23,0.23,0.26,0.01,0,0,0,0,0,0,0,0,,,
Z5-12,4300166,L3,Zone_05,2.04,1.64,1.05,4.53,3.03,1.7,1.95,2.64,1.3,1.64,3.52,1.84,0.24,0.05,1.45,3.07,1.57,,,
Z5 024,4300167,L3,Zone_05,0,0,0,0,0,0,0,0,0,0,0,0,0,0,0,0,0,,,
Z5 016,4300168,L3,Zone_05,1.74,1.08,2.44,1.11,1.79,1.09,2.6,1.13,1.78,1.89,2.49,1.53,2.11,2.58,2.05,1.44,2.23,,,
Z5-21,4300169,L3,Zone_05,1.47,0.11,6.36,11.7,6.6,0.12,0.82,0.14,0.99,0.1,0.87,0.13,0.55,2.11,0,0,0.06,,,
Z5-3,4300170,L3,Zone_05,4.1,4.21,5.79,5.08,4.58,4.92,5.74,4.96,4.56,5.16,4.47,4.78,5.78,2.55,1.5,1.05,6.31,,,
Z5 019,4300171,L3,Zone_05,0.02,0,1.37,0,0,0,0.32,0.01,0.02,0.93,0.01,0.01,0.01,0.87,0,0,0,,,
Z5-1,4300172,L3,Zone_05,0.23,0.18,0.19,0.18,0.27,0.26,0.18,0.17,0.16,0.11,0.16,0.15,0.15,0.15,0.15,0.34,0.14,,,
Z5-11,4300173,L3,Zone_05,0.62,12.6,15.5,6.35,0.05,0,0.56,1.01,0,1.01,0.08,3.39,0.03,1.58,2.45,0.28,2.46,,,
Z5-18,4300174,L3,Zone_05,0.09,0.07,0.07,0.06,0.06,0.05,0.06,0.05,0.08,0.02,0.03,0.02,0.02,0.03,0.02,0.02,0.01,,,
Z5-8,4300175,L3,Zone_05,0,0,0,0,0,0,0,0,0,0,0,0,0,0,0,0,0,,,
D-75 Building Bulk Meter,4300176,L3,Zone_03_(A),2.2,2.5,1.97,1.84,5.2,2.36,3.2,1.73,1.7,2.16,2.05,1.71,1.79,2.39,1.93,1.64,1.82,,,
D-74 Building Bulk Meter,4300177,L3,Zone_03_(A),4.07,3.91,4.32,3.65,3.9,4.11,4.34,4.69,4.7,4.04,4.45,4.53,4.34,5.58,4.61,4.52,3.42,,,
D-44 Building Bulk Meter,4300178,L3,Zone_03_(A),2.26,2.49,2.19,2.16,1.87,1.47,1.76,2.02,1.99,1.2,1.7,2.22,2.59,2.1,2.74,1.97,1.95,,,
D-45 Building Bulk Meter,4300179,L3,Zone_03_(A),0.24,7.2,9.96,0.85,0.42,0.53,0.68,0.56,0.7,0.36,0.84,0.52,0.43,1.1,0.42,0.46,0.85,,,
D-46 Building Bulk Meter,4300180,L3,Zone_03_(A),3.51,3.64,3.47,3.65,3.98,2.75,2.69,2.83,2.35,1.94,6.61,3.96,3.09,3.44,3.19,9.48,7.04,,,
D-47 Building Bulk Meter,4300181,L3,Zone_03_(A),1.9,1.5,1.55,2.09,1.73,5.66,4.81,3.59,1.19,1.58,1.65,2.09,1.29,3.54,1.24,0.96,0.83,,,
D-48 Building Bulk Meter,4300182,L3,Zone_03_(A),0.63,0.66,0.85,1.1,0.76,0.98,0.72,0.74,0.8,0.48,0.78,0.62,0.65,0.79,0.68,0.85,0.48,,,
D-49 Building Bulk Meter,4300183,L3,Zone_03_(A),,,,,,,,,,,,,,,,,,,,
D-50 Building Bulk Meter,4300184,L3,Zone_03_(A),1.49,1.29,0.82,1.14,0.24,0.21,0.4,0.55,0.16,,,,,-0.16,0,0,0,,,
D-51 Building Bulk Meter,4300185,L3,Zone_03_(A),5.26,5.83,5.46,5.04,6.87,6.33,5.95,5.41,5.68,3.65,5.51,5.46,4.97,5.34,4.49,3.69,5.19,,,
D-52 Building Bulk Meter,4300186,L3,Zone_03_(B),1.63,1.08,0.76,1.45,1.46,1.38,0.75,1.25,1.29,0.69,1.15,0.68,2.67,0.78,1.86,1.54,0.66,,,
D-62 Building Bulk Meter,4300187,L3,Zone_03_(B),1.21,1.17,0.54,1.26,1.18,1.7,1.17,1.24,1.19,0.26,1.23,1.22,2.09,1.21,1.25,1.2,0.3,,,
Z8-1,4300188,L3,Zone_08,0,0,0,0,0,0,0,0,0,0,0,0,0,0,0,0,0,,,
Z8-2,4300189,L3,Zone_08,0,0,0,0,0,0,0,0,0,0,0,0,0,0,0,0,0,,,
Z8-3,4300190,L3,Zone_08,0,0,0,0.5,0,2.26,1.59,1.12,0.77,1.17,1.53,0,1.29,0.69,1.06,0.61,1.57,,,
Z8-4,4300191,L3,Zone_08,0,0,0,0,0,0,0,0,0,0,0,0,0,0,0,0,0,,,
Z8-6,4300192,L3,Zone_08,0,0,0,0,0,0,0,0,0,0,0,0,0,0,0,0,0,,,
Z8-7,4300193,L3,Zone_08,0,0,0,0,0,0,0,0,0,0,0,0,0,0,0,0,0,,,
Z8-8,4300194,L3,Zone_08,0,0,0,0,0,0,0,0,0,0,0,0,0,0,0,0,0,,,
Z8-10,4300195,L3,Zone_08,0,0,0,0,0,0,0,0,0,0,0,0,0,0,0,0,0,,,
Z8-12,4300196,L3,Zone_08,15.9,19.2,14.1,19.3,13.3,13.2,12.4,13.3,13.3,6.96,7.77,8.18,7.65,7.41,7.76,14.1,4.88,,,
Z8-14,4300197,L3,Zone_08,0,0,0,0,0,0,0,0,0,0,0,0,0,0,0,0,0,,,
Z8-15,4300198,L3,Zone_08,3.32,2.32,4.15,7.69,3.38,1.06,2.92,5.93,1.93,3.18,8.05,3.8,1.38,2.21,3.83,3.29,1.94,,,
Z8-16,4300199,L3,Zone_08,3.82,3,4.15,3.26,3.33,4.99,4.85,5.27,4.07,3.17,4.08,2.06,2.44,2.77,3.58,3.44,3.37,,,
Z8-17,4300200,L3,Zone_08,6.86,4.21,5.43,6.52,6.94,6.78,6.64,6.67,4.42,4.81,8.63,6.38,7.05,6.28,6.48,5.02,4.45,,,
D 53-Building Common Meter,4300201,L4,Zone_03_(B),0.07,0,0,0.04,0,0.01,0,0,0.01,0,0,0,0.03,0.02,0.05,0.3,0,,,
D 54-Building Common Meter,4300202,L4,Zone_03_(B),0.04,0.02,0.01,0,0,0.03,0,0,0.01,0.02,0.05,0,0.05,0,0.09,0.22,0,,,
D 55-Building Common Meter,4300203,L4,Zone_03_(B),0.05,0,0,0.01,0,0,0,0,0.01,0.02,0.07,0,0.01,0.01,0.07,3.85,0,,,
D 56-Building Common Meter,4300204,L4,Zone_03_(B),0.04,0.11,0.07,0.1,0,0.05,0,0.07,0.08,0.04,0.17,0.01,0.05,0.07,0.06,0.35,0.06,,,
D 57-Building Common Meter,4300205,L4,Zone_03_(B),0.04,0.08,0.04,0.04,0,0.05,0,0.02,0.03,0.06,0.2,0.01,0.04,0.05,0.07,0.23,0.11,,,
D 58-Building Common Meter,4300206,L4,Zone_03_(B),0,0.04,0.01,0.02,0,0,0,0,0,0.01,0.18,0.01,0,0.01,0,0.25,0.09,,,
D 59-Building Common Meter,4300207,L4,Zone_03_(B),0.02,0.08,0,0.01,0,0.01,0,0.01,0.01,0.02,0.02,0,0,0.01,0.01,0.23,0.01,,,
D 60-Building Common Meter,4300208,L4,Zone_03_(B),0.02,0,0.03,0.02,0,0,0,0.02,0.15,0.01,0,0,0,0.11,0.02,0.2,0.03,,,
D 61-Building Common Meter,4300209,L4,Zone_03_(B),0.07,0.01,0.08,0.03,0,0.02,0,0.02,0.01,0.03,0.01,0.02,0,0.12,0.04,0.27,0.02,,,
Z3-53(1A) (Building),4300210,L4,Zone_03_(B),0.16,0.6,0.84,0.56,0.09,0.19,0.2,0.18,0.57,0.56,0.97,0.5,0.56,0.74,0.73,0.91,0.51,,,
Z3-53(1B) (Building),4300211,L4,Zone_03_(B),0.01,0.01,0,0.01,0.12,0.32,0.28,0.12,0.11,0.04,0.12,0.07,0.2,0.06,0.03,0.1,0.24,,,
Z3-53(2A) (Building),4300212,L4,Zone_03_(B),0,0,0,0,0,0,0,0,0,0,0,0,0,0,0,0,0,,,
Z3-53(2B) (Building),4300213,L4,Zone_03_(B),0,0,0,0,0,0,0,0,0,0,0,0,0,0,0,0,0,,,
Z3-53(3A) (Building),4300214,L4,Zone_03_(B),0,0,0,0,0,0,0,0,0,0,0,0,0,0,0,0,0,,,
Z3-53(3B) (Building),4300215,L4,Zone_03_(B),0,0,0,0,0.02,0.05,0.06,0.13,0.07,0.1,0.18,0.39,0.05,0,0,0,0,,,
Z3-53(4A) (Building),4300216,L4,Zone_03_(B),0,0,0,0,0.3,1.42,0.59,0,0,0,0,0,0,0,0,0,0,,,
Z3-53(5) (Building),4300217,L4,Zone_03_(B),0,0,0,0,0,0,0.01,0,0,0,0,0,0,0,0,0,0,,,
Z3-54(1A) (Building),4300218,L4,Zone_03_(B),0.57,0.66,0.89,0.7,0.59,0.44,0.64,0.53,0.65,0.56,0.63,0.86,0.35,0.31,0,0,0,,,
Z3-54(1B) (Building),4300219,L4,Zone_03_(B),0,0,0,0.08,0.1,0.18,0.11,0.12,0.09,0.07,0.07,0.21,0.13,0.14,0.05,0.09,0.08,,,
Z3-54(2A) (Building),4300220,L4,Zone_03_(B),0,0,0,0,0,0,0,0,0,0,0,0,0,0,0,0,0,,,
Z3-54(2B) (Building),4300221,L4,Zone_03_(B),0.3,0.33,0.44,0.3,0.36,0.4,0.3,0.37,0.31,0.38,0.34,0.34,0.41,0.3,0.39,0.3,0.27,,,
Z3-54(3A) (Building),4300222,L4,Zone_03_(B),0,0,0,0,0,0,0,0,0,0,0,0,0,0,0,0,0,,,
Z3-54(3B) (Building),4300223,L4,Zone_03_(B),0,0,0,0,0,0,0,0,0,0,0,0,0,0,0,0,0,,,
Z3-54(4A) (Building),4300224,L4,Zone_03_(B),0,0,0,0,0,0,0,0,0,0,0,0,0,0,0,0,0,,,
Z3-54(4B) (Building),4300225,L4,Zone_03_(B),0,0,0,0,0,0,0,0,0,0,0,0,0,0,0,0,0,,,
Z3-54(5) (Building),4300226,L4,Zone_03_(B),0.42,0.41,0.4,0.4,0.42,0.4,0.39,0.39,2.37,0.26,0.34,0.52,0.34,0.22,0.47,0.26,0.25,,,
Z3-54(6) (Building),4300227,L4,Zone_03_(B),0,1.95,0.27,0,0,0,1.21,0,0,0,0,0,0,0.55,0,0,1.35,,,
Z3-55(1A) (Building),4300228,L4,Zone_03_(B),0,0,0,0,0,0,0,0,0,0,0,0,0,0,0,0,0,,,
Z3-55(2A) (Building),4300229,L4,Zone_03_(B),0.87,0.9,0.89,0.76,0.77,0.99,0.89,0.67,1.02,0.54,0.64,0.83,0.87,0.8,0.96,0.82,0.71,,,
Z3-55(2B) (Building),4300230,L4,Zone_03_(B),0,0,0,0,0.02,0.02,0.01,0,0,0,0,0,0,0,0,0,0,,,
Z3-55(3A) (Building),4300231,L4,Zone_03_(B),0.25,0.26,0.52,0.08,0.58,0.61,0.16,0,0,0,0.12,1.31,0.33,0.05,0,0,0,,,
Z3-55(3B) (Building),4300232,L4,Zone_03_(B),0.69,0.2,0.2,0.06,0.03,0.03,0,0.15,0.03,0.01,0.01,0,0.14,0.03,0.02,0.22,0.34,,,
Z3-55(4A) (Building),4300233,L4,Zone_03_(B),0,0,0,0,0,0,0,0,0,0,0.1,0.14,0.09,0.14,0.23,0.24,0.13,,,
Z3-55(4B) (Building),4300234,L4,Zone_03_(B),0.17,0.17,0.17,0.21,0.01,0,0,0,0,0,0,0,0,0,0,0,0,,,
Z3-55(5) (Building),4300235,L4,Zone_03_(B),0,0,0,0,0,0,0,0,0,0,0,0,0,0,0,0,0,,,
Z3-55(6) (Building),4300236,L4,Zone_03_(B),0,0,0,0,0,0,0,0,0,0,0,0,0,0,0,0,0,,,
Z3-56(1A) (Building),4300237,L4,Zone_03_(B),0,0,0,0,0,0,0,0,0,0,0,0,0,0,0,0,0,,,
Z3-56(1B) (Building),4300238,L4,Zone_03_(B),0,0.07,0,0.06,0.11,0.05,0.03,0,0,0,0,0,0,0,0,0,0,,,
Z3-56(2A) (Building),4300239,L4,Zone_03_(B),0,0,0,0,0,0.01,0.04,0.03,0.03,0.02,0.03,0.02,0.03,0.02,0.03,0.02,0.01,,,
Z3-56(2B) (Building),4300240,L4,Zone_03_(B),0,0,0,0,0,0,0,0,0,0,0,0,0,0,0,0,0,,,
Z3-56(3A) (Building),4300241,L4,Zone_03_(B),0,0,2.19,0.29,0.03,0.42,0.29,0.21,0.33,0.2,0.39,0.37,0.53,0.26,0.2,0.28,0.35,,,
Z3-56(3B) (Building),4300242,L4,Zone_03_(B),0.01,0,0,0,0,0,0,0,0,0,0,0,0,0,0,0,0,,,
Z3-56(4A) (Building),4300243,L4,Zone_03_(B),0,0,0,0,0,0,0,0,0,0,0,0,0,0,0,0,0,,,
Z3-56(4B) (Building),4300244,L4,Zone_03_(B),0.43,0.38,0.21,0.17,0.35,0.44,0.38,0.22,0.2,0.12,0.36,0.19,0.24,0.37,0.37,0.37,0.24,,,
Z3-56(5) (Building),4300245,L4,Zone_03_(B),0,0,0,0,0,0,0,0,0,0,0,0,0,0,0,0,0,,,
Z3-56(6) (Building),4300246,L4,Zone_03_(B),0,0,0,0,0,0,0,0,0,0,0,0,0,0,0,0,0,,,
Z3-57(1A) (Building),4300247,L4,Zone_03_(B),0,0,0,0,0,0,0,0,0,0,0,0,0,0,0,0,0,,,
Z3-57(1B) (Building),4300248,L4,Zone_03_(B),0,0,0,0,0,0,0,0,0,0,0,0,0,0,0,0,0,,,
Z3-57(2A) (Building),4300249,L4,Zone_03_(B),0.09,0.22,0.11,0.36,0.2,0.06,0.06,0.12,0.15,0.06,0.34,0.1,0.1,0.73,0.07,0.06,0.19,,,
Z3-57(2B) (Building),4300250,L4,Zone_03_(B),0.41,0.26,0.43,0.32,0.53,0.05,0.28,0.36,0.3,0.25,0.3,0.31,0.48,0.3,0.2,0.55,0.13,,,
Z3-57(3A) (Building),4300251,L4,Zone_03_(B),0.19,0.18,0.28,0.35,0.16,0.19,0.14,0.16,0.18,0.21,0.22,0.3,0.14,0.2,0.26,0.17,0.12,,,
Z3-57(3B) (Building),4300252,L4,Zone_03_(B),0,0,0,0,0,0,0,0,0,0,0,0,0,0,0,0,0,,,
Z3-57(4A) (Building),4300253,L4,Zone_03_(B),0,0,0,0,1.03,1.03,0.27,0.01,0,0,0.07,0.01,0.01,0,0,0,0,,,
Z3-57(4B) (Building),4300254,L4,Zone_03_(B),0,0,0.25,0.34,0.47,0.63,0.5,0.4,0.46,0.43,0.5,0.32,0.65,0.34,0.44,0.67,0.27,,,
Z3-57(5) (Building),4300255,L4,Zone_03_(B),0.06,0.05,0.61,0.14,1.18,3.45,1.7,0.92,0.39,1.32,0.94,1.08,0.54,1.08,0.07,0.05,0.38,,,
Z3-57(6) (Building),4300256,L4,Zone_03_(B),1.08,0.25,0.58,1.98,0.25,0.24,0.79,0.66,0.83,1.15,0.46,0.68,0.72,0.75,0,0,0,,,
Z3-58(1A) (Building),4300257,L4,Zone_03_(B),0.12,0.11,0.12,0.12,0.12,0.11,0.11,0.1,0.1,0.07,0.1,0.1,0.09,0.08,0.08,0.08,0.05,,,
Z3-58(2A) (Building),4300258,L4,Zone_03_(B),0,0,0,0,0,0,0,0,0,0,0,0,0,0,0,0,0,,,
Z3-58(2B) (Building),4300259,L4,Zone_03_(B),0,0.01,0.32,0.23,0.21,0.31,0.27,0.2,0.31,0.06,0.24,0.06,0,0,0,0,0,,,
Z3-58(3A) (Building),4300260,L4,Zone_03_(B),0.08,0.07,0.08,0.08,0.08,0.07,0.07,0.07,0.06,0.04,0.05,0.04,0.03,0.04,0.02,0,0,,,
Z3-58(4A) (Building),4300261,L4,Zone_03_(B),0.01,0.01,0,0.01,0.01,0.01,8.35,1.68,0.01,0.01,0.01,0.01,0,0.01,2.03,0.06,0.07,,,
Z3-58(6) (Building),4300262,L4,Zone_03_(B),0.48,0.74,0.8,0.66,0.44,0.65,0.91,0.91,0.53,0.53,0.5,0.37,0.7,0.75,0.34,0.58,0.58,,,
Z3-59(1A) (Building),4300263,L4,Zone_03_(B),0.05,0.06,0.07,0.07,0.18,0.05,0.18,0.06,0.07,0.3,0.13,0.08,0.08,0.08,0.07,0.28,0.12,,,
Z3-59(1B) (Building),4300264,L4,Zone_03_(B),0.01,0.12,0.04,0.03,0.04,0,0,0,0,0,0,0,0,0,0,0,0,,,
Z3-59(2A) (Building),4300265,L4,Zone_03_(B),0.51,0.31,0.32,0.36,0.34,0.26,0.18,0.2,0.17,0.12,0.17,0.17,0.17,0.17,0.16,0.16,0.1,,,
Z3-59(2B) (Building),4300266,L4,Zone_03_(B),0.38,0.49,0.82,0.56,0.61,0.5,0.52,0.44,0.67,0.08,0.05,0.32,0,0.03,0,0.4,0.48,,,
Z3-59(3B) (Building),4300267,L4,Zone_03_(B),0,0,0,0,0,0,0,0,0,0,0,0,0,0,0,0,0,,,
Z3-59(4A) (Building),4300268,L4,Zone_03_(B),1.25,0.31,0.35,0.34,0.38,0.68,0.45,0.31,0.56,0.22,0.41,0.53,0.59,0.31,0.29,1.79,0.34,,,
Z3-59(5) (Building),4300269,L4,Zone_03_(B),0.04,0.11,0.04,0.11,0,0,0,0.03,0,0.68,0,0,0,0.17,0,0,0.15,,,
Z3-59(6) (Building),4300270,L4,Zone_03_(B),0.28,0.62,0.25,0.53,0.54,0.35,0.35,0.32,0.59,0.14,0.41,0.41,0.24,0.39,0.33,0.23,0.2,,,
Z3-60(1A) (Building),4300271,L4,Zone_03_(B),0.11,0.12,0.06,0.26,0.26,0.29,0.25,0.31,0.21,0.13,0.21,0.31,0.18,0.01,0,0,0,,,
Z3-60(2A) (Building),4300272,L4,Zone_03_(B),0.13,0.18,0.1,0.05,0.01,0,0.04,0.14,0.17,0.03,0.1,0.18,0.3,0.12,0.08,0.1,0.01,,,
Z3-60(3A) (Building),4300273,L4,Zone_03_(B),0.03,0.04,0.04,0.04,0.04,0.04,0.03,0.03,0.03,0.03,0.05,0.04,0.03,0.04,0.03,0.02,0.02,,,
Z3-60(4A) (Building),4300274,L4,Zone_03_(B),0,0,0,0,0,0,0,0,0,0,0,0,0,0,0,0,0,,,
Z3-60(5) (Building),4300275,L4,Zone_03_(B),0,0,0,0,0,0,0,0,0,0,0,0,0,0,0,0,0,,,
Z3-60(6) (Building),4300276,L4,Zone_03_(B),0.72,0.72,0.74,0.8,0.74,0.76,0.74,0.77,0.76,0.67,0.77,0.71,0.62,0.72,0.76,0.71,0.64,,,
Z3-61(1A) (Building),4300277,L4,Zone_03_(B),0.14,0.19,0.22,0.16,0.2,0.13,0.19,0.15,0.2,0.1,0.19,0.2,0.18,0.17,0.17,0.14,0.21,,,
Z3-61(1B) (Building),4300278,L4,Zone_03_(B),0.31,0.47,0.28,0.17,0.22,0.39,0.09,0,0,0.02,0.12,0,0.18,0.08,0.15,0.48,0.21,,,
Z3-61(2A) (Building),4300279,L4,Zone_03_(B),0.07,0.07,0.13,0.15,0.15,0.13,0.14,0.14,0.18,0.2,0.48,0.07,0,0.02,0.03,0.21,0.05,,,
Z3-61(2B) (Building),4300280,L4,Zone_03_(B),0.07,0.1,0.16,0.15,0.12,0.14,0.17,0.2,0,0,0,0,0,0,0,0,0.15,,,
Z3-61(3A) (Building),4300281,L4,Zone_03_(B),0,0,0,0,0,0,0,0,0,0,0,0,0,0,0,0,0,,,
Z3-61(3B) (Building),4300282,L4,Zone_03_(B),0.12,0.09,1.25,0.13,0.24,0.21,0.45,0.27,0.17,0.11,0.27,0.2,0.29,0.21,0,0,1.22,,,
Z3-61(4A) (Building),4300283,L4,Zone_03_(B),0.37,0.18,0.1,0,0.01,0.47,0.77,0.08,0,0,0,0,0,0.23,0.33,0.27,0.24,,,
Z3-61(4B) (Building),4300284,L4,Zone_03_(B),0.15,0.11,0.16,0.13,0.13,0.15,0.16,0.11,0.19,0.05,0.21,0.23,0.22,0.19,0.11,0.16,0.02,,,
Z3-61(5) (Building),4300285,L4,Zone_03_(B),0,0,0,0,0,0,0,0,0,0,0,0,0,0,0,0,0,,,
Z3-61(6) (Building),4300286,L4,Zone_03_(B),0.78,0.32,0.57,0.37,0.66,0.67,0.76,0.47,0.61,0.3,0.45,0.42,0.35,0.27,0,0,0,,,
Z8-5,4300287,L3,Zone_08,,,,,,,,,,,,,,,,,,,,
Z8-9,4300288,L3,Zone_08,0.01,0,0.01,0.03,0,0.01,0,0.05,0.01,0.01,0,0,0.01,0.01,0.17,0.13,0.15,,,
Z8-18,4300289,L3,Zone_08,,,,,,,,,,,,,,,,,,,,
Z8-19,4300290,L3,Zone_08,,,,,,,,,,,,,,,,,,,,
Z8-20,4300291,L3,Zone_08,,,,,,,,,,,,,,,,,,,,
Z8-21,4300292,L3,Zone_08,,,,,,,,,,,,,,,,,,,,
Z8-22,4300293,L3,Zone_08,,,,,,,,,,,,,,,,,,,,
Irrigation Tank 04 - (Z08),4300294,DC,Direct Connection,,,,,,,,,,,,,,,,,,,,
Sales Center Common Building,4300295,L2,Zone_SC,4.44,3.03,6.28,3.34,2.42,3.03,1.75,2.4,2.42,1.72,3.42,2.15,2.59,2.95,2.32,2.96,2.45,,,
Building FM,4300296,L3,Zone_01_(FM),1.2,1.41,1.38,1.47,0.52,0.44,0.41,1.27,1.61,1.28,1.48,0.37,0.46,1.78,1.56,1.51,1.63,,,
Building (Security),4300297,DC,Direct Connection,0.54,0.51,0.57,0.55,0.55,0.55,0.54,0.55,0.6,0.4,0.58,0.48,0.52,0.65,0.58,0.57,0.48,,,
Building Taxi,4300298,L3,Zone_01_(FM),0.41,0.76,0.54,0.56,0.77,0.63,0.71,0.61,0.67,0.4,0.52,0.74,0.53,0.37,0.63,0.62,0.59,,,
Building (ROP),4300299,DC,Direct Connection,0.62,0.58,0.68,0.71,0.73,0.7,0.69,0.7,0.77,0.55,0.67,0.56,0.58,0.69,0.63,0.64,0.46,,,
Building B1,4300300,L3,Zone_01_(FM),8.39,8.86,8.38,8.66,9.12,9.04,9.06,8.92,8.33,5.72,8.36,10.1,9.88,10.6,9.18,8.19,7.66,,,
Building B2,4300301,L3,Zone_01_(FM),8.18,8.01,7.99,7.36,8.13,7.14,8.7,7.41,7,4.67,6.83,7.29,7.62,7.33,7.59,7.16,5.87,,,
Building B3,4300302,L3,Zone_01_(FM),4.53,5.42,3.99,4.8,4.21,6.06,5.29,6.39,4.38,4.13,4.15,5.56,6.34,6.56,6.63,5.12,4.51,,,
Building B4,4300303,L3,Zone_01_(FM),7.47,7.64,8.94,10.5,9.27,7.46,6.18,12.8,3.83,4.44,6.8,6.79,6.95,7.68,6.76,7.31,6.63,,,
Building B5,4300304,L3,Zone_01_(FM),1.44,1.44,1.42,1.43,1.43,1.42,1.41,1.41,1.42,1,1.43,1.4,1.38,0.64,0,0,0,,,
Building B6,4300305,L3,Zone_01_(FM),7.52,7.24,7.45,6.91,6.43,7.06,8.35,6.95,6.58,5.21,7.3,7.03,7.35,7.31,8.37,7.68,6.54,,,
Building B7,4300306,L3,Zone_01_(FM),5.95,4.67,4.09,4.9,5.08,4.56,5.3,5.31,5.72,3.82,5,5.06,5.53,5.9,5.59,5.39,4.67,,,
Building B8,4300307,L3,Zone_01_(FM),,,,,,,,,,,,,,,,,,,,
Irrigation Tank (Z01_FM),4300308,L3,Zone_01_(FM),0,0,0,0,0,0,0,0,0,0,0,0,0,0,0,0,0,,,
Room PUMP (FIRE),4300309,L3,Zone_01_(FM),0,0,0,0,0,0,0,0,0,0,0,0,0,0,0,0,0,,,
Building (MEP),4300310,L3,Zone_01_(FM),0.18,0.12,0.12,0.1,0,0.05,0.08,0.09,0.14,0.09,0.05,0,0.09,0.12,0.15,0.21,0.12,,,
D-53 Building Bulk Meter,4300311,L3,Zone_03_(B),4.82,5.37,1.71,1.57,0.87,2.45,3.15,1.8,1.24,1.16,2.2,1.15,1.11,1.36,1.73,1.63,1.06,,,
D-54 Building Bulk Meter,4300312,L3,Zone_03_(B),1.23,3.29,1.94,1.42,1.4,1.38,2.59,1.34,3.34,1.25,1.39,1.88,1.21,1.52,0.96,0.86,1.75,,,
D-55 Building Bulk Meter,4300313,L3,Zone_03_(B),2.1,1.62,1.88,1.16,1.48,1.64,1.16,0.95,1.12,0.6,1.02,2.36,1.69,1.16,1.41,5.33,1.38,,,
D-56 Building Bulk Meter,4300314,L3,Zone_03_(B),,,,,,,,,,,,,,,,,,,,
D-57 Building Bulk Meter,4300315,L3,Zone_03_(B),,,,,,,,,,,,,,,,,,,,
D-58 Building Bulk Meter,4300316,L3,Zone_03_(B),1.49,2.75,2.54,1.93,2.05,2.66,11,3.83,1.92,1.48,1.99,0.98,1.94,2.4,3.59,2.18,1.48,,,
D-59 Building Bulk Meter,4300317,L3,Zone_03_(B),2.53,2.07,1.86,1.9,2.21,1.81,1.69,1.33,2.05,1.58,1.15,1.5,1.04,1.19,0.84,3.06,1.44,,,
D-60 Building Bulk Meter,4300318,L3,Zone_03_(B),,,,,15,1.43,1.5,1.87,1.8,0.97,2.18,2.1,0.32,3.18,1.3,2.14,1.22,,,
D-61 Building Bulk Meter,4300319,L3,Zone_03_(B),2.04,1.51,2.88,1.25,1.71,2.26,2.66,1.4,1.32,0.77,1.68,1.09,1.2,1.25,0.81,1.52,2.02,,,
Irrigation Tank 02 (Z03),4300320,L3,Zone_03_(B),0,25.7,1,0,0,0.3,5.3,0,13.1,0,0,0.9,11.1,0.8,6.3,9,5.1,,,
Irrigation Tank 03 (Z05),4300321,L3,Zone_05,,,,,,,,,,,,,,,,,,,,
Irrigation Tank 01 (Outlet),4300322,N/A,N/A,878,820,790,933,733,943,731,852,-99233,556,560,470,635,649,292,106,132,,,
Irrigation Tank 01 (Inlet),4300323,DC,Direct Connection,0,0,0,0,0,0,0,0,0,0,0,0,0,0,0,0,0,,,
Building CIF/CB,4300324,L3,Zone_01_(FM),16.2,15.9,17.1,17,11.4,16.5,15.6,16.8,14.7,15,17.1,12.9,18.2,18.6,16.8,15.2,15.9,,,
Building Nursery Building,4300325,L3,Zone_01_(FM),,,,,,,,,,,,,,,,,,,,
Irrigation Tank - VS PO Water,4300326,L3,Zone_VS,0.01,0.01,0,0.01,0.01,0.01,0.01,0.02,0.01,0.01,0.02,0.01,0.01,0.01,0.01,0.02,0,,,
Coffee 1 (GF Shop No.591),4300327,L3,Zone_VS,0,0,0,0,0,0,0,0,0,0,0,0,0,0,0,0,0,,,
Sale Centre Caffe & Bar (GF Shop No.592 A),4300328,L3,Zone_SC,1.02,0.72,0.59,1.01,1.29,1.29,1.61,0.74,0.67,0.47,0.96,1.38,0.42,0.01,0.56,0.61,0.46,,,
Coffee 2 (GF Shop No.594 A),4300329,L3,Zone_VS,0.24,0.2,0.26,0.15,0.21,0.19,0.27,0.39,0.22,0.16,0.26,0.19,0.43,0.34,0.33,0.25,1.67,,,
Supermarket (FF Shop No.591),4300330,L3,Zone_VS,0,0,0,0,0,0,0,0,0,0,0,0,0,0,0,0,0,,,
Pharmacy (FF Shop No.591 A),4300331,L3,Zone_VS,0,0,0,0,0,0,0,0,0,0,0,0,0,0,0,0,0,,,
Laundry Services (FF Shop No.593),4300332,L3,Zone_VS,2.51,1.67,0.78,2.22,1.42,0.83,1.69,1.39,1.99,1.23,1.93,1.58,1,2.13,1.11,0.91,1.8,,,
Shop No.593 A,4300333,L3,Zone_VS,0,0,0,0,0,0,0,0,0,0,0,0,0,0,0,0,0,,,
Hotel Main Building,4300334,DC,Direct Connection,532,518,539,557,422,587,573,605,583,349,502,432,523,531,571,529,413,,,
Village Square (Zone Bulk),4300335,L2,Zone_VS,2.6,1.7,2,8.1,0.4,7.4,0.3,2.2,2.5,0.1,4.9,1,1.8,2.9,0,0.7,1.3,,,
"Community Mgmt - Technical Zone, STP",4300336,DC,Direct Connection,6.04,5.54,1.8,1.46,0.93,0.5,0.94,2.04,1.19,1.06,2.12,0.72,1.65,3.81,1.13,1.18,1.06,,,
Cabinet FM (CONTRACTORS OFFICE),4300337,L3,Zone_01_(FM),1.46,1.45,1.45,1.38,1.68,1.47,1.54,1.53,1.59,1.27,1.43,1.75,1.58,1.75,1.44,1.61,1.41,,,
"PHASE 02, MAIN ENTRANCE (Infrastructure)",4300338,DC,Direct Connection,0.22,0.23,0.29,0.28,0.28,0.26,0.26,0.26,0.28,0.17,0.27,0.28,0.27,0.28,0.27,0.27,0.21,,,
Building CIF/CB (COFFEE SH),4300339,L3,Zone_01_(FM),0,0,0,0,0,0,0,0,0,0,0,0,0,0,0,0,0,,,
Irrigation- Controller UP,4300340,DC,Direct Connection,10.7,11.5,11.3,11.5,12,12,10.9,11.1,12.4,12.1,11.3,12.2,12.5,11.9,12.3,0.3,0,,,
Irrigation- Controller DOWN,4300341,DC,Direct Connection,0,0,0,0,0,0,0,0,0,0,0,0,0,0,0,0,0,,,
ZONE 8 (Bulk Zone 8),4300342,L2,Zone_08,,,,,,,,,,,,,,,,,,,,
ZONE 3A (Bulk Zone 3A),4300343,L2,Zone_03_(A),201,212,224,224,198,212,203,204,207,151,217,210,237,215,208,219,166,,,
ZONE 3B (Bulk Zone 3B),4300344,L2,Zone_03_(B),99,121,103,82,85,105,105,94,128,80,87,64,0,0,0,0,0,,,
ZONE 5 (Bulk Zone 5),4300345,L2,Zone_05,139,150,163,160,150,137,144,155,143,119,143,125,116,119,112,102,102,,,
ZONE FM ( BULK ZONE FM ),4300346,L2,Zone_01_(FM),70,67,68,66,64,67,64,77,58,49,65,64,72,72,70,67,47,,,
Irrigation Tank - VS (TSE Water),4300347,N/A,N/A,62.1,55.1,51.4,53,55.2,60.7,55,48.6,63.4,31.8,65.7,47.1,72.3,86.8,6.3,7,33.4,,,
Al Adrak Camp,4300348,DC,Direct Connection,27.1,29.5,22.2,29.5,2.8,24.1,28.5,28.2,33.7,27.8,25.8,10.9,33.9,45.4,33,35.5,44.4,,,
Al Adrak Company (accommodation)Camp Area,4300349,DC,Direct Connection,,,,,,,,,,,,,,,,,,,,
Main Bulk (NAMA),C43659,L1,Main Bulk,,,,,,,,,,,,,,,,,,,,